id;sa;saText;s1;s1Text;s2;s2Text;s3;s3Text
1;Argonaut Firebolt;[Foes] Hi Fire M.Attack;Rapid Slash;[Foe] Fast Lo P.Attack;Firebolt;[Foe] Fast Mid Fire M.Attack;Argonaut;[Self] Str. & Mag.+50%/4 turns
2;Argonaut Firebolt;[Foes] Hi Fire M.Attack;Rapid Slash;[Foe] Fast Lo P.Attack;Firebolt;[Foe] Fast Mid Fire M.Attack;Argonaut;[Self] Str. & Mag.+50%/4 turns
3;Argonaut Firebolt;[Foes] Hi Fire M.Attack;Firebolt;[Foe] Fast Mid Fire M.Attack;Tri-Slicer;[Foe] Mid P.Attack;Argonaut;[Self] Str. & Mag.+50%/4 turns
4;Heroic Strike;[Foes] Ultra Fire P.Attack w/temp Str. Boost;Rapid Firebolt;[Foes] Fast Hi Fire M.Attack and Removes Str. & Mag;Broad Slicer;[Foes] Fast Hi Fire P.Attack and P.Resist, M.Resist, and Fire Resist-30%/2 turns;Argonaut;[Foes] Lo Fire P.Attack and [Self] Str. & Mag.+75%/4 turns
5;Firebolt Fireworks;[Foes] Ultra Fire M.Attack w/temp. Mag. Boost;Firebolt;[Foe] Fast Hi Fire M.Attack w/temp Mag. Boost;Rapid Firebolt;[Foes] Fast Mid Fire M.Attack;Preparation;[Foes] Lo Fire M.Attack & [Self] Mag.+50%/4 turns
6;Luna Traviesa;[Foes] Ultra Light M.Attack w/30% Sleep;Reverie Reps;[Foes] Lo Light M.Attack w/15% Sleep;Fortis Spes;[Self] Mag. & Agi.+75%/4 turns;Pierce Firebolt;[Foe] Fast Hi Fire M.Attack w/Ultra Penetration Rate
7;New Year's Strike;[Foes] Ultra P.Attack w/30% Seal;Blast Gleam;[Foe] Mid P.Attack w/Ultra Critical Rate;Rapid Flash;[Foes] Fast Mid P.Attack w/15% Seal & temp Str. Boost;Double Defense;[Self] Null P.Attack x2
8;Dungeon Dance;[Foes] Hi P.Attack;Firebolt?;[Foe] Fast Mid Fire M.Attack;Tri-Slicer?;[Foe] Lo P.Attack w/30% Stun;Argonaut?;[Self] Str. & Mag.+50%/4 turns
9;Argonaut Incarnation;[Foes] Ultra Fire M.Attack indexed to Str. w/temp Str. Boost;Sharpness;[Foes] Lo P.Attack & [Self] Str.+75%/4 turns;Molten Spike;[Foe] Hi P.Attack w/temp Str. Boost;Sweeping Strike;[Foes] Hi P.Attack w/temp Str. Boost & P.Resist-10%/4 turns
10;Argonaut Sky Chain;[Foes] Ultra Wind M.Attack w/temp Mag. Boost;Blast Edge;[Foes] Lo Wind M.Attack & [Self] Wind Attack Dmg.+60%/4 turns;Wind Storm;[Foes] Hi Wind M.Attack w/temp Mag. Boost & Wind Resist-20%/3 turns;Gale Force;[Foes] Mid Wind M.Attack & [Allies] Critical Rate+20%/3 turns
11;Firebolt Igniter;[Foes] Ultra Fire M.Attack w/temp. Mag. Boost;Seething;[Foes] Lo Fire M.Attack & [Self] Fire Attack Damage+75%/4 turns;Fiery Courage;[Foes] Mid Fire M.Attack & [Self] Mag.+60%/4 turns;Noble Firebolt;[Foes] Hi Fire M.Attack w/Ultra Uncounter Rate
12;Sworn Strike;[Foes] Ultra Light P.Attack w/temp Str. Boost & Ultra Unguard Rate;True Strike;[Foe] Fast Hi Light P.Attack w/Ultra Penetration Rate;Glorious Aim;[Foes] Hi Light P.Attack w/temp Str. Boost & 20% Stun;Bright Fatality;[Foes] Mid Light P.Attack w/temp Str. Boost & [Allies] P.Resist and M.Resist+20%/3 turns
13;Darkest Doom's Edge;[Foes] Ultra Dark P.Attack;Slashing Atonement;[Foes] Hi Dark P.Attack;Blackest Aura;[Foes] Hi Dark M.Attack;Forbidden Left Arm;[Self] Str. & Mag.+70%/4 turns
14;Argonaut Rogue Thunder;[Foe] Ultra Thunder M.Attack w/temp Mag. Boost & M.Resist-50%/1 turn;Spark Starter;[Foe] Mid Thunder M.Attack & [Self] Mag. & Thunder Attack Dmg.+50%/4 turns;Shocking Paralyze;[Foe] Hi Thunder M.Attack & removes Str. & Mag;Thunder Fulmination;[Foe] Super Thunder M.Attack w/Hi Penetration Rate & M.Resist and Thunder Resist-30%/4 turns
15;Meteorite;[Foes] Ultra Dark M.Attack w/temp Mag. Boost & Ultra Penetration Rate and Dark Resist-50%/3 turns;Split Shadow;[Foes] Lo Dark M.Attack w/Ultra Uncounter Rate and [Self] Mag. & Dark Attack Dmg.+65%/3 turns and +3 Actions (Lo Dark M.Attack Foes);Flight Void;[Foes] Fast Hi Dark M.Attack w/temp Mag. Boost & Hi Critical Rate and [Allies] 75% Null P.Attack x1;Dark Stinger;[Foe] Super Dark M.Attack w/temp Mag. Boost & Ultra Unguard Rate
16;Storm Sprinter;[Foes] Ultra Wind P.Attack w/temp Str. Boost and Ultra Unguard Rate & Wind Resist-50%/1 turn;Mirage Dagger;[Foes] Fast Hi Wind P.Attack & P.Resist and Wind Resist-25%/4 turns;Quick Stab;[Foes] Fast Lo Wind P.Attack w/Ultra Uncounter Rate & removes P.Resist;Flanking Strike;[Foe] Hi Wind P.Attack Dmg.+35% per each Target's P.Resist Reduction Skill & Hi Penetration Rate
17;Lil Rafaga;[Foes] Hi Wind M.Attack indexed to Str.;Ariel;[Self] Str.+50% & P.Resist+5%/4 turns;Tres Piercer;[Foe] Lo P.Attack;Veter Mech;[Foes] Lo P.Attack
18;Lil Rafaga;[Foes] Hi Wind M.Attack indexed to Str.;Ariel;[Self] Str.+50% & P.Resist+5%/4 turns;Tres Piercer;[Foe] Lo P.Attack;Veter Mech;[Foes] Lo P.Attack
19;Tempest Lil Rafaga;[Foes] Ultra Wind M.Attack indexed to Str.;Ariel;[Self] Str.+75% & P.Resist+10%/4 turns;Tres Piercer;[Foe] Hi P.Attack;Veter Mech;[Foes] Hi P.Attack
20;Amazon Lil Rafaga;[Foes] Ultra P.Attack;Calma Lovushka;[Foes] Hi P.Attack & Guard Rate-30%/4 turns;Force Wind;[Allies] Str.+35%/4 turns;Veter Escudo;[Allies] Wind Resist+50%/4 turns
21;Illumines Lil Rafaga;[Foes] Ultra Light M.Attack w/30% Seal;Échthra Piercer;[Foe] Fast Mid Light M.Attack;Comtempt Mech;[Foes] Hi Light M.Attack w/temp Mag. Boost;Prevent Wind;[Allies] Guard Rate & End.+30%/4 turns
22;Present Lil Rafaga;[Foes] Ultra Water M.Attack w/temp Mag. Boost;Kamita Mech;[Foes] Hi Water M.Attack & Agi.-20%/4 turns;Varder Mech;[Foe] Hi Water M.Attack w/temp Mag. Boost;Veter Grato;[Self] Null P.Attack x2
23;Timidus Lil Rafaga;[Foes] Ultra Wind M.Attack & Wind Resist-40%/4 turns;Illusion Mech;[Foes] Mid Wind M.Attack w/M.Resist & Heal-25%/2 turns;Illusion Piercer;[Foe] Hi Wind M.Attack & 40% Sleep;Veter Schrimm;[Allies] P.Resist+40%/3 turns
24;Eternal Lil Rafaga;[Foes] Ultra Light P.Attack w/temp Str. Boost & 50% Stun;Svyet Mech;[Foe] Super Light P.Attack w/temp Str. Boost;Svyet Shpaga;[Foes] Hi Light P.Attack w/temp Str. Boost & P.Resist Buff-1 turn;Lasvete Nyeba;[Self] 15% MP Heal & Ailment Cure
25;Pikopiko Aerial;[Foes] Hi P.Attack;Ariel?;[Self] Str.+50% & M.Resist+5%/4 turns;Tres Piercer?;[Foe] Lo P.Attack;Veter Mech?;[Foes] Lo P.Attack
26;Radiant Lil Rafaga;[Foe] Ultra P.Attack w/temp Str. Boost;Blade Dance;[Foe] Mid P.Attack w/temp Str. Boost & Str.-30%/4 turns;Phase Slicer;[Foe] Mid P.Attack w/temp Str. Boost & P.Resist-20%/4 turns;Stiletto;[Foe] Lo P.Attack & [Self] Str.+75%/4 turns
27;Tidal Lil Rafaga;[Foes] Ultra Water P.Attack w/temp Str. Boost;Aqua Blade;[Foes] Mid Water P.Attack & removes all Str;Cobalt Edge;[Foes] Hi Water P.Attack w/temp Str. Boost & [Foes] Status Buff -1 turn;Aqua Bite;[Foes] Mid Water P.Attack w/temp Str. Boost & P.Resist-25%/2 turns
28;Jackpot Lil Rafaga;[Foes] Ultra P.Attack w/temp Str. Boost;Lucky Strike;[Foe] Mid P.Attack w/temp Str. Boost;Lucky Chain;[Foes] Hi P.Attack w/temp Str. Boost;Good Luck;[Self] 15% MP Heal & Ailment Resist+60%/4 turns
29;Gorgeous Lil Rafaga;[Foes] Ultra P.Attack w/temp Str. Boost;Fortune Strike;[Foe] Mid P.Attack w/temp Str. Boost;Fortune Chain;[Foes] Hi P.Attack w/temp Str. Boost;Streak;[Self] 15% MP Heal & Ailment Resist+60%/4 turns
30;Mortal Encounter;[Foe] Ultra Dark P.Attack w/temp Str. Boost;Devour Magic;[Foe] Hi Dark P.Attack w/temp Str. Boost & Dark Resist-25%/4 turns;Bone Splitter;[Foe] Hi Dark P.Attack w/temp Str. Boost & Mag.-35%/4 turns;Hunger;[Foe] Lo Dark P.Attack & [Self] Str.+80%/4 turns
31;Solid Lil Rafaga;[Foes] Ultra Wind P.Attack w/temp Str. Boost;Air Combination;[Foes] Lo Wind P.Attack & [Self] Wind Attack Dmg.+60%/4 turns;Tornado Break;[Foes] Hi Wind P.Attack w/temp Str. Boost;Revelation Cyclone;[Foes] Hi Wind P.Attack & Dmg. received (Attack: All Targets) increases by 15%/3 turns
32;Fleur Lil Rafaga;[Foes] Ultra Fire M.Attack Dmg.+30% per each Target's M.Resist Reduction Skill;Carmine Blaze;[Foes] Mid Fire M.Attack w/temp Mag. Boost & M.Resist-25%/2 turns;Cardinal Blade;[Foe] Fast Hi Fire M.Attack w/Ultra Penetration Rate;Blast of Pain;[Foes] Hi Fire M.Attack Dmg.+50% per each Target's M.Resist Reduction Skill
33;Mal Amour;[Foe] Ultra Light M.Attack w/temp Mag. Boost;Heart Breaker;[Foe] Hi Light M.Attack w/temp Mag. Boost & removes Mag;Pure Glittering Edge;[Foe] Hi Light M.Attack w/temp Mag. Boost & [Allies] Light Attack Dmg.+20%/4 turns;Passion Coordination;[Foe] Lo Light M.Attack & [Self] Mag.+75%/4 turns
34;Heaven's Catastrophe;[Foes] Ultra Dark P.Attack w/temp Str. Boost & Status Buff -2 turns;Devilish Malevolence;[Foes] Lo Dark P.Attack & [Allies] Dark Attack Dmg.+25%/3 turns;Disintegrate;[Foes] Hi Dark P.Attack w/temp Str. Boost & Max HP 25% Dmg. Poison/1 turn;Ruthless Sword;[Foe] Hi Dark P.Attack w/temp Str. Boost
35;Salvaging Aeriel;[Foes] Ultra Light P.Attack;Complete Angelic Power;[Self] Str.+70% & P.Resist+10%/4 turns;Piko Hammer Slash;[Foe] Hi Light P.Attack;Angelic Cut;[Foes] Mid Light P.Attack
36;Dancing Lil Rafaga;[Foes] Ultra Water M.Attack w/temp Mag. Boost & 50% Sleep;Ravage Dance;[Foes] Super Water M.Attack w/temp Mag. Boost & Ultra Penetration Rate;Kaleidoscopic Dance;[Allies]Remove increase in Dmg.received(All Targets)&P.Resist Debuff;Alluring Steps;[Allies] 25% HP Regen & P.Resist and Heal+25%/5 turns
37;Celestial Steps;[Foes] Ultra Wind P.Attack w/temp Str. Boost and Ultra Unguard Rate & [Allies] Wind Attack Dmg.+65%/1 turn;Zephyr;[Foes] Fast Mid Wind P.Attack & [Allies] Str. and Wind Attack Dmg.+25%/4 turns;Slashing Wind;[Foes] Fast Lo Wind P.Attack w/Ultra Uncounter Rate & [Allies] Removes Str. Debuffs;Gust Charge;[Foe] Hi Wind P.Attack Dmg.+35% per each [Self] Str. Buff Skill & Hi Unguard Rate
38;Tempest On Air;[Foe] Ultra Fire P.Attack Dmg.+60% per each [Self] Str. Buff & Increase S.A Gauge Charge gain by 100%/5 turn;Hot Wallop;[Foe] Mid Fire P.Attack w/Hi Penetration Rate & P.Resist and Fire Resist-30%/4 turns;Tap Floor;[Foe] Hi Fire P.Attack w/Hi Unguard Rate & [Allies] P.Resist and M.Resist+30%/3 turns;Fencer Cadenza;[Foe] Super Fire P.Attack w/Hi Penetration Rate & [Allies] Str. and Fire Attack Dmg.+30%/2 turns
39;Raining Arrows;[Foes] Hi P.Attack;Cure Potion;[Allies] Lo Heal;Detoxification;[Allies] Ailment Cure;Hypnotic Arrow;[Foe] Lo P.Attack w/30% Sleep
40;Raining Arrows;[Foes] Hi P.Attack;Cure Potion;[Allies] Lo Heal;Detoxification;[Allies] Ailment Cure;Hypnotic Arrow;[Foe] Lo P.Attack w/30% Sleep
41;Powering Arrow;[Foes] Ultra Light M.Attack;Heal Medicine;[Allies] Lo Heal & Ailment Cure;Chaos Pale;[Foe] Lo Dark M.Attack w/Max HP 10% Dmg. Poison;Flaming Blade;[Foe] Hi Fire M.Attack
42;Sunshine Ray;[Foes] Ultra Light M.Attack;Heal Medicine;[Allies] Lo Heal & Ailment Cure;Negative Pill;[Foe] Lo Light M.Attack w/30% Sleep;Ether Assist;[Allies] M.Resist+20%/4 turns
43;Trick or Sweet;[Allies] Ultra Heal & 20% HP Regen/4 turns;Sweet Prank;[Foes] 10% MP Drain w/30% Sleep;Magical Wand;[Foes] Hi Dark M.Attack & Status Debuff +1 turn;Bad Trick;[Foes] Hi Dark M.Attack & End.-30%/3 turns
44;Blizzard Rain;[Foes] Hi Water M.Attack;Icicle Arrow;[Foe] Lo Water M.Attack;Mana Stock;[Self] Mag.+50%/4 turns;Reforce Cancel;[Self] Null P.Attack x1
45;Bursting Affection;[Foes] Ultra Fire M.Attack w/30% Charm;Lively Heart;[Allies] Mid Heal & Ailment Cure;Warm Heart;[Allies] Heal+20%/4 turns;Shy Burn;[Foes] Hi Fire M.Attack
46;Nature Blessing;[Foes] Ultra Earth M.Attack w/40% Stun;Raising Arrow;[Foes] Hi Earth M.Attack & Earth Resist-30%/2 turns;Through Pain;[Foe] Hi Earth M.Attack & Earth Resist-40%/2 turns;Assault Potion;[Self] Avoids K.O x1 only when HP≧20% (removed when HP<20%)
47;Tumbling!;[Foes] Hi P.Attack;Cure Potion?;[Allies] Lo Heal;Detoxification?;[Allies] Ailment Cure;Poison Arrow?;[Foe] Lo P.Attack w/Max HP 10% Dmg. Poison
48;Shining Explosion;[Foe] Ultra Light M.Attack w/temp Mag. Boost;Calamity Ray;[Foes] Lo Light M.Attack & [Self] Light Attack Dmg.+70%/4 turns;Light Magic-Sword;[Foe] Hi Light M.Attack w/temp Mag. Boost & M.Resist-20%/2 turns;Shining Howling;[Self] Null P.Attack x2
49;Dolphin Army;[Foes] Ultra Water M.Attack w/temp Mag. Boost;Calamity Water;[Foes] Mid Water M.Attack & removes all Mag;Water Magic Sword;[Foes] Hi Water M.Attack w/temp Mag. Boost & [Foes] Status Debuff +1 turn;Frozen Water;[Foes] Mid Water M.Attack w/temp Mag. Boost & M.Resist-20%/3 turns
50;Flame Illusion;[Foes] Ultra Fire M.Attack;Bright Hearth;[Allies] Mag.+45% & Heal+30%/4 turns;Petit Feu;[Foes] Hi Fire M.Attack;Eggnog Potion;[Allies] Lo HP Heal & 35% HP Regen/2 turns
51;Lightning Arcbolt;[Foe] Ultra Thunder P.Attack w/temp. Str. Boost & Ultra Penetration Rate;Conductivity;[Foe] Hi Thunder P.Attack w/temp Str. Boost & Dmg. received (Attack Type: Single Target)+15%/4 turns;Enhanced Lightning;[Foe] Hi Thunder P.Attack w/temp Str. Boost & [Allies] Thunder Attack Dmg.+20%/3 turns;Loaded Lightning;[Foe] Lo Thunder P.Attack & [Self] Str.+80%/4 turns
52;Pallum Satellite Cannon;[Foes] Ultra Thunder M.Attack;Emergency Maintenance;[Allies] Lo HP Heal & Ailment Cure;Caustic Smog;[Foe] Lo Thunder M.Attack & Max HP 10% Dmg. Poison;Robot Punch;[Foes] Mid Thunder M.Attack
53;Bubble Bloom;[Foes] Ultra Water M.Attack w/temp Great Mag. Boost & Ultra Penetration Rate and 50% Seal;Bubble Rush;[Foes] Super Water M.Attack w/Ultra Uncounter Rate and Guard Rate & Heal-40%/4 turns & [Allies] Status Debuff-2 turns;Wipe Away;[Foes] Fast Mid Water M.Attack w/Hi Critical Rate and removes Guard Rate & Heal Buffs and [Allies] Mag. & Water Attack Dmg.+40%/2 turns;Hydro Blast;[Foe] Super Water M.Attack w/temp Great Mag. Boost & Hi Critical Rate
54;Crystal Barrage;[Foes] Ultra Earth M.Attack w/temp Great Mag. Boost and Agi. & Dex.-50%/3 turns;Cloven Chain;[Foes] Fast Lo Earth M.Attack and [Allies] Mag., Agi. & Earth Attack Dmg.+30%/3 turns;Fragment Release;[Foes] Super Earth M.Attack w/Ultra Penetration Rate and M.Resist-35%/3 turns and Status Buff-2 turns;Division Spike;[Foe] Super Earth M.Attack w/temp Mag. Boost & Ultra Penetration Rate
55;Futsunomitama;[Foes] Hi Dark M.Attack;Brutal Slash;[Foe] Lo P.Attack;Kagenui Ichishiki;[Foes] Agi.-10%/4 turns;Jubaku-jin Ichishiki;[Foes] Str.-10%/4 turns
56;Futsunomitama;[Foes] Hi Dark M.Attack;Samidare-Giri;[Foes] Lo P.Attack;Kagenui Nishiki;[Foes] Agi.-15%/4 turns;Jubaku-jin Nishiki;[Foes] Str.-15%/4 turns
57;Tenka-chizan;[Foes] Ultra P.Attack;Brutal Slash Kai;[Foe] Hi P.Attack w/Ultra Uncounter Rate;Kagenui Yonshiki;[Foes] Agi.-35%/4 turns;Jubaku-jin Yonshiki;[Foes] Str.-35%/4 turns
58;Furin-kazan;[Foes] Ultra Wind P.Attack w/temp Str. Boost;Catalpa Katana;[Foes] Hi Wind P.Attack w/temp Str. Boost;Kekkai-jin Sanshiki;[Foes] Mid Wind P.Attack w/P.Resist & Guard Rate-25%/3 turns;Yoroikuzushi Sanshiki;[Foe] Hi Wind P.Attack w/temp Str. Boost
59;Shimenawanomitama;[Foes] Ultra Light M.Attack;Tora-giri;[Foe] Mid Light M.Attack & Light Resist-35%/4 turns;Shining Katana;[Foes] Fast Mid Light M.Attack w/15% Slow;Kourin-jin;[Allies] Mag.+45%/4 turns
60;Futsunomitama;[Foes] Hi Dark M.Attack;Samidare-Giri;[Foes] Lo P.Attack;Fuma-jin Nishiki;[Foes] Mag.-15%/4 turns;Yoroi-kuzushi Nishiki;[Foes] Guard Rate-15%/4 turns
61;Tiger Fire;[Foes] Ultra Earth M.Attack w/temp Mag. Boost;Tetsusaisen;[Foes] Mid Earth M.Attack w/temp Mag. Boost;Chisouba;[Foe] Hi Earth M.Attack;Butei Tenshin;[Foes] Lo Earth M.Attack & [Self] Mag.+65%/4 turns
62;Counter Water Strike;[Foes] Ultra Water M.Attack w/temp Mag. Boost & [Allies] Null P.Attack x1;Misty Moon;[Foes] Lo Water M.Attack w/Hi Uncounter Rate & [Self] Mag.+80%/5 turns;Verdant Gale;[Foe] Hi Water M.Attack w/temp Mag. Boost & Ultra Critical Rate;Seven Siege;[Foes] Super Water M.Attack w/Hi Uncounter Rate & [Self] Null P.Attack x1
63;Sealing Futsunomitama;[Foes] Ultra Dark P.Attack Dmg.+80% against a slowed target & Slow and Ultra Unguard Rate;Crossing Lilies;[Foes] Fast Lo Dark P.Attack w/Ultra Uncounter Rate & [Allies] Str., Agi. and Dex.+25%/3 turns;Wild Boar;[Foes] Super Dark P.Attack w/temp Str. Boost & Ultra Uncounter Rate and 50% Slow;Bonecrusher;[Foe] Hi Dark P.Attack w/temp Str. Boost & Ultra Unguard Rate and Slow
64;Braver Assault;[Foes] Hi P.Attack;Rush Spear;[Foe] Fast Lo P.Attack;Braver Order;[Allies] Critical Rate+20%/4 turns;Mortal Banish;[Foes] Lo P.Attack
65;Braver Assault;[Foes] Hi P.Attack;Rush Spear;[Foe] Fast Lo P.Attack;Braver Order;[Allies] Critical Rate+20%/4 turns;Trample Lance;[Foe] Mid P.Attack w/temp Str. Boost & Ultra Penetration Rate
66;Hell Finegas;[Foes] Ultra P.Attack;Trample Lance;[Foe] Mid P.Attack w/temp Str. Boost & Ultra Penetration Rate;Braver Order;[Allies] Critical Rate +30%/4 turns;Destructor;[Foes] Hi P.Attack & Critical Rate-20%/4 turns
67;Tactical Tuxedo;[Allies] Critical Rate+100%/4 turns;Rush Spear;[Foe] Fast Mid P.Attack;Buster Edge;[Foe] Lo P.Attack w/Heal 20% of Dmg.;Destructor;[Foes] Hi P.Attack
68;Furious Brave;[Foe] Ultra P.Attack w/Ultra Penetration Rate & temp Str. Boost;Heightened Strike;[Foe] Hi P.Attack w/temp Str. Boost;Slash Cleave;[Foes] Mid P.Attack;Enrage;[Foe] Lo P.Attack & [Self] Str.+75%/4 turns
69;Secourer Tenebres;[Foes] Ultra Light P.Attack w/temp Str. Boost;Void Circle;[Foes] Mid Light P.Attack w/Str. & Mag.-25%/3 turns;Riptide Roller;[Foes] Hi Light P.Attack;Crescent Abrasion;[Foe] Hi Light P.Attack w/temp Str. Boost
70;Wynn Fimbulvetr;[Foes] Hi Water M.Attack;Triple Impaler;[Foe] Lo P.Attack;Fil Eldis;[Allies] Lo Heal;Liv Illusio;[Self] P.Resist+10%/4 turns
71;Wynn Fimbulvetr;[Foes] Hi Water M.Attack;Triple Impaler;[Foe] Lo P.Attack;Luna Aldis;[Allies] Mid Heal;Liv Illusio;[Self] P.Resist+10%/4 turns
72;Rea Laevateinn;[Foes] Ultra Fire M.Attack;Luna Aldis;[Allies] Mid Heal & End.+10%/2 turns;Veil Breath;[Allies] P.Resist+10%/4 turns & Slight Heal;Wynn Fimbulvetr;[Foes] Hi Water M.Attack & End.-10%/2 turns
73;Pillar of Heavens;[Foes] Ultra Light M.Attack w/30% Seal;Brightening Weapon;[Allies] Mag.+45%/4 turns;Lucent Force;[Foes] Fast Mid Light M.Attack w/15% Stun;Zenith Sanction;[Foes] Hi Light M.Attack & Light Resist-25%/4 turns
74;Dulce Grimorio;[Foes] Ultra Fire M.Attack;Affecto Magia;[Foe] Hi Fire M.Attack w/temp Mag. Boost;Dulce Fuego;[Foes] Mid Fire M.Attack w/15% Charm;Curso Carmesi;[Self] Reflects M.Attack x1
75;Diamond Trail;[Foes] Ultra Water M.Attack w/temp Mag. Boost;Frost Nova;[Foes] Mid Water M.Attack w/Hi Uncounter Rate & Water Resist-25%/3 turns;Chilling Blast;[Foe] Hi Water M.Attack w/temp Mag. Boost;Winter's Grasp;[Foes] Hi Water M.Attack w/temp Mag. Boost & Ultra Unguard Rate
76;Flowing Currency;[Foe] Ultra Water M.Attack Dmg.+60% per each [Self] Mag. Buff Skill;Water Cloak;[Foe] Lo Water M.Attack & [Allies] Mag. and Water Attack Dmg.+40%/3 turns;Whelming Water;[Foe] Hi Water M.Attack w/Hi Penetration Rate & removes Str;Swelling Wave;[Foe] Super Water M.Attack w/Hi Unguard Rate & Dmg. received (Attack Type: Single Target)+20%/3 turns
77;King's War Cry;[Foes] Ultra P.Attack w/temp Str. Boost;Providence Eye;[Self] Counter Rate+25%/3 turns;Raging Impact;[Foe] Mid P.Attack w/temp Str. Boost;Conqueror's Strike;[Foes] Hi P.Attack w/temp Str. Boost
78;Fangs of Apocalypse;[Foes] Ultra P.Attack w/temp Str. Boost;Edge of Moment;[Foes] Mid P.Attack w/temp Str. Boost & End-15%/2 turns;Rupture of Annihilation;[Foes] Mid P.Attack w/temp Str. Boost &  15% Slow;Mighty Power Slash;[Foe] Mid P.Attack w/temp Str. Boost & 30% Stun
79;Lightning Strike;[Foes] Ultra Thunder P.Attack w/temp Str. Boost & 35% Stun;Slash of Light;[Foes] Super Thunder P.Attack w/Ultra Unguard Rate & 25% Taunt;Tumultuous Zoom;[Foes] Hi Thunder P.Attack & removes HP Regen and Dmg. Reduction (Attack Type: All Targets);Bolt of Destruction;[Foe] Hi Thunder P.Attack w/temp Str. Boost & Ultra Unguard Rate
80;Burst Oil;[Foes] Hi Fire M.Attack;Poison Bullet;[Foe] Lo P.Attack w/Max HP 8% Dmg. Poison;Hypno Ash;[Foe] 30% Sleep;Melt Physica;[Foes] P.Resist-10%/4 turns
81;Burst Oil;[Foes] Hi Fire M.Attack;Poison Bullet;[Foe] Lo P.Attack w/Max HP 10% Dmg. Poison;Melt Physica;[Foes] P.Resist-15%/4 turns;Fall Menta;[Foes] M.Resist-15%/4 turns
82;Chemistal Burst;[Foes] Ultra Dark M.Attack w/Max HP 10% Dmg. Poison;Hypno Mist;[Foes] Hi Dark M.Attack w/15% Sleep;Plague Sting;[Foe] Hi Dark M.Attack & Guard Rate-50%/4 turns;Illness Miasma;[Foes] Mid Dark M.Attack & M.Resist-20%/4 turns
83;Crack Burst;[Foes] Ultra Water P.Attack w/temp Str. Boost;Spread Knife;[Foes] Mid Water P.Attack w/temp Str. Boost & Mag.-20%/4 turns;Diffusion Knife;[Foe] Hi Water P.Attack w/temp Str. Boost & 40% Seal;Flash Knowledge;[Self] Null P.Attack x2
84;Throwing Mastery;[Foes] Ultra P.Attack w/Max HP 25% Dmg. Poison in Ultra Rate;Noxious Sting;[Foes] Hi P.Attack;Vanishing Shroud;[Allies] (Fast) Dmg. received (Attack Type: All Targets) decreases by 30%/3 turns;Maker's Insight;[Allies] Mid Heal & Counter Rate+30%/2 turns
85;Ascending Knives;[Foes] Ultra Thunder P.Attack w/P.Resist & M.Resist-25%/2 turns;Magnetic Maze;[Foes] Mid Thunder P.Attack w/Counter Rate & Heal-35%/3 turns;Phase Shift;[Foes] Hi Thunder P.Attack w/Hi Uncounter Rate & [Allies] 50% Null M.Attack x1;Thunder Crash;[Foe] Mid Thunder P.Attack Dmg.+60% per each Target's Heal Reduction Skill
86;Jormungandr Berserk;[Foes] Hi P.Attack;Furious Espada;[Foe] Lo P.Attack;Amazoness Ira;[Self] Str.+75% & P.Resist-15%/4 turns;Rampage Grans;[Foes] Lo P.Attack w/50% Taunt
87;Jormungandr Berserk;[Foes] Hi P.Attack;Furious Espada;[Foe] Lo P.Attack;List Iorum;[Foe] 30% Seal;The Last Stand;[Allies] End.+10%/4 turns
88;Jormungandr Berserk;[Foes] Hi P.Attack;Furious Espada;[Foe] Lo P.Attack;Amazoness Ira;[Self] Str.+75% & P.Resist-15%/4 turns;Rampage Grans;[Foes] Lo P.Attack w/50% Taunt
89;Backdraft;[Foes] Ultra P.Attack w/temp Str. Boost;Gritar Amor;[Foe] Hi P.Attack w/30% Seal;Amor Rampage;[Foes] Mid P.Attack w/temp Str. Boost & Ailment Resist-40%/2 turns;Lindo Pastel;[Foes] Mid P.Attack w/50% Taunt & [Self] End.+40%/4 turns
90;Karna Lassa;[Foes] Ultra Hi Rate Seal;Forte Grans;[Foes] Hi Water P.Attack w/temp Str. Boost & 15% Seal;Stela Scudo;[Allies] P.Resist & Agi.+30%/4 turns;Luna Pleghierra;[Foes] Mid Water P.Attack & removes all Str
91;Chispa Envidia;[Foes] Ultra Fire M.Attack;Llama Espada;[Foe] Mid Fire M.Attack & Fire Resist-35%/4 turns;Pasion Rampage;[Foes] Mid Fire M.Attack w/15% Sleep;Bonito Pastel;[Allies] Mag.+45%/4 turns
92;Galvanic Ravager;[Foes] Ultra Thunder P.Attack & Dmg.+15% per 1 [Self] Regen/Str. Buff Skill;Roll of Thunder;[Foes] Lo Thunder P.Attack & [Self] Str.+75%/4 turns;Volt Charge;[Foes] Mid Thunder P.Attack & [Self] 25% HP Regen/4 turns;Unstable Thunder;[Foes] Hi Thunder P.Attack & Dmg.+25% per 1 [Self] Regen/Str. Buff Skill
93;Sacred Peony;[Foe] Ultra Light M.Attack w/temp Mag. Boost;Flash Perfume;[Foe] Lo Light M.Attack & [Self] Light Attack Dmg.+75%/4 turns;Rampage Beat;[Self] Increase S.A Gauge Charge gain by 100%/4 turns & [Foe] Lo Light M.Attack;Heavenly Blow;[Foe] Hi Light M.Attack w/temp Mag. Boost & M.Resist and Light Resist-25%/2 turns
94;Unrequited Rhapsody;[Foe] Ultra Water P.Attack Dmg.+50% per each [Self] Str. Buff Skill & Ultra Critical Rate;Rumble Dance;[Foe] Mid Water P.Attack and [Self] Str. & Water Attack Dmg.+60%/4 turns and +3 Actions (Lo Water P.Attack a Foe w/Hi Critical Rate);Bridal Path Dash;[Foe] Hi Water P.Attack and Water Resist-40% & [Allies] Dmg. received (Attack Type: All Targets)-30%/4 turns;Single-Minded Lover;[Foe] Super Water P.Attack w/temp Str. Boost & Hi Critical Rate and removes Str. Buffs
95;Gargantuan Amalgam;[Foes] Ultra Dark M.Attack w/temp Mag. Boost & Hi Critical Rate;Overkill Vision;[Foes] Lo Dark M.Attack & [Self] Mag. and Dark Attack Dmg.+40%/3 turns;Inferno Tale;[Foes] Mid Dark M.Attack w/Hi Critical Rate & Str. and Mag.-25%/2 turns;Obscure Perish;[Foe] Hi Dark M.Attack w/temp Mag. Boost
96;Amazon Berserk;[Foes] Hi P.Attack;Dos Rodirro;[Foe] Lo P.Attack;Amazoness Ira;[Self] Str.+75% & P.Resist-15%/4 turns;Decremensis Resa;[Foe] P.Resist-5%/4 turns
97;Amazon Berserk;[Foes] Hi P.Attack;Pololokka Rodirro;[Foe] Lo P.Attack w/30% Stun;Amazoness Ira;[Self] Str.+75% & P.Resist-15%/4 turns;Decremensis Resa;[Foe] P.Resist-7.5%/4 turns
98;Intense Heat;[Foes] Ultra P.Attack w/temp Str. Boost;Tres Rodirro;[Foe] Hi P.Attack w/temp Str. Boost;Audaz Gusto;[Self] Str.+75%/4 turns;Puro Rodirro;[Foes] Hi P.Attack w/temp Str. Boost & 15% Stun
99;Vila Lassa;[Allies] Penetration Rate+100%/4 turns;Pololokka Rodirro;[Foes] Hi Fire P.Attack w/temp Str. Boost & 15% Stun;Stela Defesa;[Allies] M.Resist & Dex.+30%/4 turns;Luna Pregare;[Foes] Mid Fire P.Attack & removes all Mag
100;Chocolata Soltar;[Foes] Ultra P.Attack w/temp Str. Boost;Pecado Merienda;[Foes] Mid P.Attack w/15% Charm;Bonito Ruptura;[Foes] Mid P.Attack & Mag.-30%/4 turns;Bravo Gusto;[Self] M.Resist+50%/4 turns
101;Shattering Onslaught;[Foes] Ultra Thunder P.Attack & Thunder Resist-50%/1 turn;Static State;[Allies] Fast Taunt Resist+100% & End.+30%/4 turns;Breaking Point;[Foes] Mid Thunder P.Attack w/Heal & Guard Rate-35%/3 turns;Lightning Slash;[Foes] Hi Thunder P.Attack w/temp. Str. Boost
102;Gamine Prune;[Foes] Ultra Thunder P.Attack & 50% Stun;Gardien Tonnerre;[Allies] P. Resist & M.Resist+35%/2 turns;Temerite Innocence;[Allies] Agi. & End.+30%/3 turns;Foudre Neige;[Foe] Slow Hi Thunder P.Attack w/Ultra Uncounter Rate & puts target to Sleep
103;Firemoon;[Foes] Hi Fire M.Attack indexed to End. & Mag.;Zangetsu;[Foe] Lo P.Attack;Will o' Wisp;[Self] Reflects M.Attack x1;Starkhaut;[Foe] 50% Taunt
104;Firemoon;[Foes] Hi Fire M.Attack indexed to End. & Mag.;Zangetsu;[Foe] Lo P.Attack;Will o' Wisp;[Self] Reflects M.Attack x1;Starkhaut;[Foe] 50% Taunt
105;Waterhawk;[Foes] Ultra Water M.Attack indexed to End. & Mag.;Moon Slash;[Foes] Hi P.Attack w/temp Str. Boost & Agi.-20%/4 turns;Will o' Wisp;[Self] Reflects M.Attack x1;Vite Schleien;[Foes] 75% Taunt
106;Thousand Flames;[Foes] Ultra Fire M.Attack w/temp. Mag. Boost;Name of the Flame;[Allies] Guard Rate+40%/2 turns & [Foes] Penetration Rate-40%/2 turns;The Art of Forging;[Allies] Avoids K.O x1 only when HP≧10% (removed when HP<10%);Spark Hammer;[Foes] Hi Fire M.Attack w/temp Mag. Boost
107;Vanargand Solmani;[Foes] Hi P.Attack;Wolfskehl;[Foe] Lo P.Attack;Wolfen Roar;[Self] Str.+50%/4 turns;Fenris Wolf;[Self] Agi.+50%/4 turns
108;Vanargand Solmani;[Foes] Hi P.Attack;Wolfskehl;[Foe] Lo P.Attack;Wolfen Roar;[Self] Str.+50%/4 turns;Fenris Wolf;[Self] Agi.+50%/4 turns
109;Ulfheoinn;[Foes] Ultra Fire M.Attack indexed to Str.;Wolfskehl;[Foe] Hi P.Attack;Ulfr Rogi;[Foes] Mid Fire M.Attack indexed to Str.;Fenris Wolf;[Self] Agi.& Str.+75%/4 turns
110;Vertilgen Wolf;[Foes] Ultra Fire P.Attack w/temp Str. Boost & [Self] 50% HP Regen/1 turn;Lethality;[Foes] Mid Fire P.Attack & [Self] Fire Attack Dmg.+75%/4 turns;Bloodboil;[Foes] Mid Fire P.Attack w/temp Str. Boost & [Self] Counter Rate+50%/4 turns;Eternal Thirst;[Foes] Hi Fire P.Attack w/Heal 10% of the Attack Dmg. & [Self] Status Buff +1 turn
111;Dvergr Enhance;[Foes] Hi Earth M.Attack indexed to Str.;Heavy Ax;[Foe] Lo P.Attack;Sidewinder;[Foes] Lo P.Attack;Ardigalea;[Allies] P.Resist+10%/4 turns
112;Dvergr Enhance;[Foes] Hi Earth M.Attack indexed to Str.;Banishing Ax;[Foe] Mid P.Attack;Sidewinder;[Foes] Mid P.Attack;Ardigalea;[Allies] P.Resist+10%/4 turns
113;Mighty Sunrise;[Allies] Avoids K.O x1 only when HP≧1% (removed when HP<1%);Strong Defense;[Foes] Fast 75% Taunt & Penetration Rate-30%/4 turns;Attack Fortress;[Self] Counter & Guard Rate+50%/4 turns;Scintillate Ax;[Foes] Hi P.Attack w/temp Str. Boost & Heal 25% of Dmg.
114;Chigusa Senbu;[Foes] Hi P.Attack;Loyal Knife;[Foe] Lo P.Attack;Breath of Spring;[Allies] Lo Heal;Anti-Katana Circle;[Allies] P.Resist+10%/4 turns
115;Chigusa Senbu;[Foes] Hi P.Attack;Breath of Spring;[Allies] Lo Heal;Purifying Water;[Allies] Ailment Cure;Anti-Spell Circle;[Allies] M.Resist+10%/4 turns
116;Chigusa Snowfall;[Allies] Ultra Heal & 50% HP Regen/1 turn;Healing Waters;[Ally] Fast Hi Heal to an Ally. Prioritizes an Ally with lower percentage HP.;Emerald Shine;[Foes] 50% Seal;Divine Waters;[Allies] 15% HP Regen/4 turns
117;The Invite to Onsen;[Allies] Ultra HP Heal & Heal+50%/4 turns;Astonishing Cut;[Foes] Mid Earth P.Attack w/temp Str. Boost & P.Resist-25%/3 turns;Earth Calling Kodachi;[Foe] Hi Earth P.Attack w/40% Seal;Chigo No Jin;[Allies] M.Resist+40% & Thunder Resist+20%/2 turns
118;Narukami Sakura;[Foes] Ultra Thunder M.Attack w/30% Charm.;Shunrai Shigure;[Foe] Hi P.Attack;Shinobigoi Yukidoke;[Allies] Lo Heal;Kushimitama Kagura;[Allies] Str.+35%/4 turns
119;Snow Shadow;[Foes] Ultra Water P.Attack Dmg.+40% per each [Self] Agi. & Dex. Buffs & Ultra Unguard Rate;Frozen Wing;[Self] Fast Increase S.A Gauge Charge gain by 100% & Agi. & Dex.+75% & Dmg. received (Attack Type: All Targets)-40%/5 turns and +4 Actions (Lo Water P.Attack w/Ultra Unguard Rate Foes);Ice Blade;[Foes] Super Water P.Attack w/temp Str. Boost and Ultra Uncounter Rate & [Self] removes Status Debuffs;White Crane;[Foe] Hi Water P.Attack Dmg.+30% per each [Self] Agi. & Dex. Buff Skill & Ultra Penetration Rate
120;Ouka Issen;[Foes] Hi P.Attack;Kenpu-Renzan;[Foe] Lo P.Attack;Shielding Stance;Scapegoat during turn;Spirited Stance;[Foe] Str.-10%/4 turns
121;Ouka Issen;[Foes] Hi P.Attack;Shielding Stance;Scapegoat during turn;Kenpu-Renzan;[Foe] Lo P.Attack;Heart of Perseverance;[Self] Avoids K.O x1 only when HP≧40% (removed when HP<40%)
122;Ouka-Nisouren;[Foes] Ultra P.Attack & Penetration Rate -45%/4 turns;Spear of Absolute Bravery;[Foe] Hi P.Attack indexed to HP;Fair and Square;[Self] Covers allies from single attack/1 turn  & Heal 20%.;Do or Die Resistance;[Allies] Fast End.+20%/4 turns
123;Lethal Weapon;[Foes] Hi P.Attack;Heavy Smash;[Foe] Mid P.Attack & Guard Rate-45%/3 turns;Full Swing;[Foe] Hi P.Attack w/temp Str. Boost;Ordinary Plan;[Allies] End.+15% & Guard Rate+20%/3 turns
124;Voltage Emission;[Foes] Ultra Thunder M.Attack Dmg.+50% per each [Self] Regen/Dmg. Reduction Skill (Attack Type: All Targets);Negative Electrode;[Allies] Fast Dmg. Received (Attack Type: All Targets)-35%/3 turns;Positive Electrode;[Foes] Hi Thunder M.Attack & [Self] 30% HP Regen/4 turns;Polarity Repulsion;[Foes] Mid Thunder M.Attack Dmg.+60% per each [Self] Regen/Dmg. Reduction Skill (Attack Type: All Targets)
125;Fusillade Fallarica;[Foes] Hi Fire M.Attack;Arcs Ray;[Foe] Lo Light M.Attack;Ether Charge;[Self] Mag.+50%/4 turns;Magias Decremento;[Foes] M.Resist-7.5%/4 turns
126;Elf Ring;[Foes] Ultra Water M.Attack;Arcs Ray;[Foe] Mid Light M.Attack;Lux Maleficium;[Foes] Mid Light M.Attack & Light Resist-10%/4 turns;Anemos Fotia;[Foes] Mid Fire M.Attack & M.Resist-10%/4 turns
127;Elf Ring;[Foes] Ultra Fire M.Attack w/temp. Mag. Boost;Karpos Dallos;[Foe] Hi Fire M.Attack w/temp Mag. Boost;Karpos Pyr;[Foes] Hi Fire M.Attack w/15% Seal;Anemos Fotia;[Foes] Mid Fire M.Attack w/temp. Mag. Boost
128;Fusillade Fallarica;[Foes] Hi Fire M.Attack;Sokolata Pure;[Foes] Mid Fire M.Attack;Geuma Sophia;[Self] Mag.+50%/4 turns;Eris Rysy;[Foe] 30% Charm
129;Crystal Deluge;[Allies] Guard Rate & P.Resist+40%/4 turns;Blanc Glace;[Foe] Hi Water M.Attack & Water Resist-35%/4 turns;Avalanche Neige;[Foes] Mid Water M.Attack;Elle Glace;[Allies] Mag.+45%/4 turns
130;Eternal Burst;[Foes] Ultra Light M.Attack w/temp Mag. Boost & 35% Seal;Lumen Keorn;[Foe] Super Light M.Attack w/temp Mag. Boost & 40% Taunt;Lumen Solum;[Foes] Hi Light M.Attack w/temp Mag. Boost & M.Resist Buff-1 turn;Alvis Kairos;[Self] 15% MP Heal & Ailment Cure
131;Aspara Illusion;[Foes] Hi P.Attack indexed to Mag.;Arcs Ray?;[Foe] Lo Light M.Attack;Ether Charge?;[Self] Mag.+50%/4 turns;Magias Decremento?;[Foes] P.Resist-7.5%/4 turns
132;Har Rea Laevateinn;[Foes] Ultra Fire M.Attack w/temp. Mag. Boost;Kindling;[Foes] Lo Fire M.Attack & [Self] Mag.+75%/4 turns;Laid Waste;[Foe] Hi Fire M.Attack w/temp Mag. Boost;Immolation;[Foes] Fast Mid Fire M.Attack w/temp Mag. Boost & M.Resist-10%/4 turns
133;Aquatic Tornado;[Foe] Ultra Water M.Attack w/Ultra Penetration Rate w/temp Mag. Boost;Aquatic Nova;[Foe] Hi Water M.Attack w/temp Mag. Boost & M.Resist and Water Resist-20%/2 turns;Aquatic Lure;[Foes] Hi Water M.Attack w/temp Mag. Boost;Aquatic Ray;[Foe] Mid Water M.Attack & [Self] Mag.+80%/4 turns
134;Spikey Avalanche;[Foes] Ultra Dark M.Attack w/temp Mag. Boost;Black Brand;[Foes] Mid Dark M.Attack & [Self] Dark Attack Dmg.+75%/4 turns;Amplify Agony;[Foes] Mid Dark M.Attack w/temp Mag. Boost & M.Resist and Dark Resist-15%/3 turns;Shadow Feeder;[Foes] Hi Dark M.Attack w/temp Mag. Boost & Counter and Guard Rate-25%/3 turns
135;Radiant Lily;[Foes] Ultra Light M.Attack & make targets Slow;Clear Simmer;[Foes] Lo Light M.Attack & [Self] Light Attack Dmg.+80%/4 turns;Dispell Aureole;[Foes] Mid Light M.Attack & [Self] Mag.+60%/4 turns;Horoscope Ray;[Foes] Super Light M.Attack w/40% Slow
136;Icechunk Impact;[Foes] Ultra Water M.Attack;Sleet Fall;[Allies] Dmg. received (Attack Type: All Targets)-20%/4 turns;Crushing Deluge;[Foe] Mid Water M.Attack w/Hi Unguard Rate;Soothing Mist;[Allies] Lo HP Heal & Mag.+25%/3 turns
137;Galactica Magica;[Foes] Ultra Water M.Attack;Shining Wizard;[Foe] Mid Light P.Attack;Keep it a secret!;[Foes] Mid Water M.Attack w/5% Seal;Magic Attack;[Foes] Mid Water M.Attack & M.Resist-5%/4 turns
138;Dazzling Cluster;[Foes] Ultra Earth M.Attack w/temp Mag. Boost & Ultra Critical Rate and Earth Resist-50%/3 turns;Stone Rage;[Foes] Lo Earth M.Attack and Agi.-30% & [Self] Mag. & Earth Attack Dmg.+60%/3 turns and +3 Actions (Lo Earth M.Attack Foes);Sediment Impact;[Foes] Fast Hi Earth M.Attack w/Ultra Critical Rate and Dmg. received (Attack Type: All Targets)+30%/2 turns and [Allies] Status Debuff-2 turns;Fissure Heart;[Foe] Super Earth M.Attack w/temp Mag. Boost & Ultra Critical Rate
139;Links Heart;[Foes] Ultra Fire M.Attack w/temp Mag. Boost and Ultra Unguard Rate & [Allies] Fire Attack Dmg.+65%/1 turn;Burn Up!;[Foes] Fast Mid Fire M.Attack & [Allies] Mag., Agi. and Fire Attack Dmg.+25%/3 turns;Glittering Fire;[Foes] Super Fire M.Attack w/temp Mag. Boost and Ultra Penetration Rate & 30% Taunt;Star's Wink;[Foe] Hi Fire M.Attack w/temp Mag. Boost and Ultra Unguard Rate & 60% Taunt
140;Dio Thyrsos;[Foes] Hi Thunder M.Attack;Xeno Lightning;[Foe] Mid Thunder M.Attack;Grandis Luster;[Foes] Lo Light M.Attack;Dio Grail;[Allies] P.Resist+10%/4 turns
141;Light Pillar;[Foes] Ultra Light M.Attack;Sacred Scourge;[Foes] Mid Light M.Attack w/15% Stun;Force Field;[Self] Avoids K.O x1 only when HP≧20% (removed when HP<20%);Sol Illuminate;[Foe] Hi Light M.Attack w/temp Mag. Boost
142;Electrocute;[Foes] Ultra Thunder M.Attack w/temp Mag. Boost;Trueno Natura;[Foe] Hi Thunder M.Attack & Thunder Resist-40%/2 turns;Ardor Fulmen;[Foes] Hi Thunder M.Attack & Thunder Resist-30%/2 turns;Cor Exaltatio;[Self] Guard Rate+45%/3 turns
143;Blinkedge Tornado;[Foes] Ultra Wind M.Attack w/50% Stun;Windforce;[Allies] Water & Wind Attack Dmg.+35%/4 turns & Ailment Cure;Sonic Wind;[Foe] Mid Wind M.Attack w/temp Mag. Boost;Vitalize;[Allies] Mid HP Heal & removes all Mag. Debuffs
144;Reality Distortion;[Foe] Ultra Dark M.Attack w/Ultra Critical Rate Dmg.+90% per each [Self] Mag. Buff Skill;Insanity Genesis;[Foe] Mid Dark M.Attack and [Self] Mag. & Dark Attack Dmg.+65%/3 turns and +3 Actions (Lo Dark M.Attack a Foe);Coarse Gaze;[Foe] Hi Dark M.Attack w/Hi Penetration Rate and Dmg. received (Attack Type: Single Target)+25%/3 turns;Vile Intimation;[Foe] Super Dark M.Attack w/Hi Critical Rate Dmg.+50% per each [Self] Mag. Buff Skill
145;Passion Banshee;[Foes] Ultra Fire M.Attack w/temp Mag. Boost and Ultra Unguard Rate & Fire Resist-50%/1 turn;Rejection;[Foes] Fast Mid Fire M.Attack & Agi., M.Resist and Fire Resist-25%/4 turns;Prime Comet;[Foes] Super Fire M.Attack w/temp Mag. Boost and Ultra Unguard Rate & 25% Seal;Secret Passion;[Foe] Hi Fire M.Attack w/temp Mag. Boost and Ultra Penetration Rate & 50% Seal
146;Luminous Wind;[Foes] Ultra Wind M.Attack;Noah Heal;[Allies] Mid Heal;Vindblitz;[Foe] Mid Wind M.Attack w/temp Mag. Boost & Ultra Penetration Rate;Teal Wind;[Allies] Agi.+30% & Mag.+30%/4 turns
147;Vampiric Drain;[Foes] Ultra Dark M.Attack indexed to End. w/Heal 20% of Dmg.;Insite Wind;[Foes] 50% Taunt & [Self] End.+40%/4 turns;Fairy Vamp;[Foe] Hi Dark M.Attack indexed to End. w/Heal 50% of Dmg.;Vind Chaos;[Foes] Hi Dark M.Attack indexed to End. w/temp End. Boost
148;Faye Congelation;[Foes] Ultra Water M.Attack w/temp Mag. Boost;Glacies Nivis;[Foes] Mid Water M.Attack & Critical Rate-20%/4 turns;Valanga Neve;[Foes] Mid Water M.Attack & Str.-30%/4 turns;Nous Oblio;[Self] Avoids K.O x1 only when HP≧20% (removed when HP<20%)
149;Milenas Wind;[Foes] Hi Wind M.Attack indexed to Str.;Shockwave Tempest;[Foe] Mid P.Attack;Tempest Reverberato;[Foes] Lo P.Attack;Elven Protection;[Allies] Penetration Rate+20%/4 turns
150;Splash Wind;[Foes] Hi Earth M.Attack;Break;[Foe] Mid Earth M.Attack w/Heal -30%/4 turns;Gale of Sanction;[Foes] Lo Earth M.Attack;Guard from Onsen;[Self] Mag.+50%/4 turns
151;Luminous Vortex;[Foes] Ultra Wind M.Attack w/30% Stun;Stormbolt;[Foe] Hi Wind M.Attack w/temp Mag. Boost;Stellaris;[Foes] Fast Lo Wind M.Attack w/Str. & Mag.-30%/4 turns;Downburst;[Foes] Hi Wind M.Attack w/Max HP 10% Dmg. Poison
152;Luminos Star Gale;[Foes] Fast Ultra Wind M.Attack & removes Str. & Mag;Arctic;[Foes] Lo Wind M.Attack & [Self] Wind Attack Dmg.+60%/4 turns;Wind Shear;[Foes] Hi Wind M.Attack w/temp Mag. Boost & 20% Seal;Storm Weaver;[Foes] Mid Wind M.Attack & [Allies] P.Resist+25%/3 turns
153;Confession D'amour;[Foes] Ultra Earth P.Attack w/temp Str. Boost;Orange Veil;[Foes] Mid Earth P.Attack w/temp Str. Boost & P.Resist, Earth Resist-15%/3 turns;Chagrin Chanter;[Foes] Hi Earth P.Attack w/temp Str. Boost;Gloire Tyffon;[Foes] Mid Earth P.Attack w/temp Str. Boost & [Allies] removes Str. Debuffs
154;Zephyrus Dawnbringer;[Foes] Ultra Light P.Attack w/30% Seal;Flashing;[Foes] Fast Lo Light P.Attack w/Str. & Mag.-35%/2 turns;Oppression;[Foes] Hi Light P.Attack & Status Debuff +1 turn;Against Bane;[Foe] Hi Light P.Attack w/temp Str. Boost
155;Furore Impaler;[Foe] Ultra Wind P.Attack w/temp Str. Boost & Ultra Penetration Rate;Velocity;[Foe] Mid Wind P.Attack & [Self] Str.+80%/4 turns;Cyclocity;[Foe] Mid Wind P.Attack & [Self] Wind Attack Dmg.+60%/4 turns;Windfury;[Foe] Hi Wind P.Attack & P.Resist and Guard Rate-25%/4 turns
156;Game Changer;[Foes] Ultra Thunder P.Attack w/temp Str. Boost w/Hi Unguard Rate and Agi.-40%/1 turn & [Allies] Agi.+40%;Havoc Assault;[Foes] Fast Lo Thunder P.Attack w/Hi Critical Rate & Str., Mag. and P.Resist-25%/3 turns;Fallen Bastion;[Foes] Slow Super Thunder P.Attack w/temp Str. Boost & removes Dmg. Reduction Skill (Attack Type: All and Single Targets);Arc Sweep;[Foe] Slow Hi Thunder P.Attack w/temp Str. Boost & removes Dmg. Reduction Skill (Attack Type: All and Single Targets)
157;Uchide no Kozuchi;[Allies] Ultra HP Heal w/40% HP Regen & Str. and Mag.+100%/3 turns;Akane;[Foes] Fast Mid Fire M.Attack & Str. and Mag.-40%/3 turns;Shiika;[Self] 15% MP Heal & [Allies] Counter Rate and Penetration Rate+30%/3 turns;Yosuga;[Allies] 30% HP Heal & [Allies] Status Buff and [Foes] Status Debuff+2 turns
158;Winter Sakura;[Allies] Ultra HP Heal & removes [Allies] Status Debuffs and [Foes] Status;Snow Illusion;[Foes] Fast Mid Water M.Attack w/Ultra Uncounter Rate and [Allies] P.Resist & M.Resist+40% & End.+20%/3 turns;Snow Silver;[Allies] 15% MP Heal and Str., Mag., & Water Attack Dmg.+30%/4 turns;Dancing Snow;[Allies] 30% HP Heal & [Allies] Status Debuffs and [Foes] Status Buff-2 turns
159;Hell Kaios;[Foes] Ultra Thunder M.Attack indexed to Str. w/temp Str. Boost & Str. and Mag.-50%/1 turn;Siege Breaker;[Foes] Lo Thunder P.Attack & [Self] Str. and Thunder Attack Dmg.+40%/5 turns;Ruination;[Foes] Slow Hi Thunder P.Attack w/Ultra Penetration Rate & Status Buff-2 turns;Over Power;[Foe] Hi Thunder P.Attack w/temp Str. Boost & Ultra Penetration Rate
160;Gatling Arrow;[Foes] Ultra Light P.Attack w/30% Seal;Spread Arrow;[Foes] Mid Light P.Attack w/Mag. & Guard Rate-30%/4 turns;Buster Arrow;[Foe] Hi Light P.Attack w/temp Str. Boost & HP Heal 30% of Dmg.;Quick Draw;[Allies] M.Resist & Counter Rate+30%/4 turns
161;Verite Amour;[Allies] Ultra HP Heal & removes Status Debuffs;Hekma Irada;[Allies] Fast Mid HP Heal & Ailment Cure;Nadam Reruabado;[Foes] Hi Thunder M.Attack & P.Resist and M.Resist-20%/3 turns;God's Theorem;[Allies] P.Resist., Water Resist and Ailment Resist+25%/4 turns
162;Lepida Cyclops;[Foes] Hi P.Attack & P.Resist-40%/1 turn;Kakitsubata;[Foe] Lo P.Attack w/30% Stun;Rindo;[Self] Str.+50%/4 turns;Housenka;[Foe] Removes Mag
163;Iron Glaive;[Foes] Ultra P.Attack w/temp Str. Boost;Oniyuri;[Foes] Mid P.Attack w/temp Str. Boost & Str.-20%/4 turns;Suzuran;[Foe] Mid P.Attack w/temp Str. Boost;Hitujigusa;[Foe] Mid P.Attack & removes all Mag
164;Geiravor Dens;[Foe] Ultra P.Attack w/Ultra Penetration Rate & temp Str. Boost;Cat Spike;[Foes] Mid P.Attack & P.Resist-10%/2 turns;Quick Revenge;[Self] Fast/Avoids K.O x1 only when HP≧20% (removed when HP<20%);Charge Growl;[Foe] Hi P.Attack w/temp Str. Boost & P.Resist-20%/2 turns
165;Ruling Rift;[Foes] Ultra Earth P.Attack w/50% Stun;Lancer Inspiration;[Allies] Guard Rate+35% & M.Resist+35%/3 turns;Riddle;[Foes] Mid Earth P.Attack w/Mag. & Critical Rate-35%/3 turns;Dismantle;[Foes] Hi Earth P.Attack & removes all HP Regen
166;Speed Party!;[Foe] Ultra Earth M.Attack w/temp Mag. Boost & Ultra Critical Rate;Fraction;[Foe] Lo Earth M.Attack & [Self] Mag.+75%/4 turns;Breach;[Foe] Hi Earth M.Attack & Earth Resist-35%/3 turns;Ferocious Pierce;[Foe] Hi Earth M.Attack w/temp Mag. Boost & Guard Rate-40%/4 turns
167;Biker Bash;[Foes] Ultra P.Attack w/30% Stun;Rev-Up;[Self] Agi.+75%/4 turns & [Foes] Stun Resist-75%;Burn Out;[Foe] Hi P.Attack w/30% Stun;Traction Burst;[Foes] Hi P.Attack w/15% Stun
168;Felesculus;[Allies] Null P.Attack x2;Fierce Dagger;[Foes] Hi Dark P.Attack w/Max HP 10% Dmg. Poison;Siecle Thief;[Foes] Mid Dark P.Attack w/Agi. & Dark Resist-35%/2 turns;Nox Haze;[Foes] Hi Dark P.Attack w/Ultra Uncounter Rate & Dex.-35%/3 turns
169;Sharp Gift;[Foes] Ultra Earth P.Attack w/temp Str. Boost;Parrying Dagger;[Allies] P.Resist+35%/3 turns;Fend;[Foes] Mid Earth P.Attack & Str.-35%/3 turns;Laceration;[Foes] Mid Earth P.Attack w/temp Str. Boost
170;Resonating Rift;[Foe] Ultra Earth M.Attack w/temp Mag. Boost;Wanted Mark;[Foe] Hi Earth M.Attack w/temp Mag. Boost & [Foe] Dmg. received (Attack Type: Single Target)+15%/4 turns;Land Spike;[Foe] Hi Earth M.Attack w/temp Mag. Boost & [Allies] Earth Attack Dmg.+20%/3 turns;Dagger Mastery;[Foe] Lo Earth M.Attack & [Self] Mag.+75%/4 turns
171;Grand Showdown;[Foes] Ultra Light P.Attack w/temp Str. Boost & Light Resist-50%/1 turn;Draw Card;[Foes] Lo Light P.Attack & [Self] Str.+80%/5 turns;Cheating Hands;[Foe] Hi Light P.Attack w/temp Str. Boost & Ultra Unguard Rate;Flash Trick;[Foes] Fast Mid Light P.Attack & [Allies] 50% Null P.Attack x1
172;Assault Strike;[Foes] Ultra Dark P.Attack w/temp Str. Boost & Ultra Unguard Rate;Danger Detection;[Foes] Lo Dark P.Attack & removes all Str;Thorough Destruction;[Foes] Hi Dark P.Attack w/temp Str. Boost & Agi.-20%/4 turns;Black Fist Crush;[Foes] Mid Dark P.Attack w/temp Str. Boost & P.Resist-15%/3 turns
173;Tera Sagrado;[Allies] Hi Heal & 50MP Heal;Dea Animus;[Allies] Mid Heal;Dea Templum;[Self] Seal Resist+50%/4 turns;Gehenna Croce;[Allies] Slight Heal & Remove Curse
174;Shining Halation;[Allies] Hi HP Heal & Ailment Cure w/Water Attack Dmg.+65%/1 turn;Flooding Water;[Foes] Mid Water M.Attack w/Water Resist & Agi.-30%/3 turns;Clear Water Potion;[Allies] 25% HP Regen & Water Attack Dmg.+35%/3 turns;Cure Stream Potion;[Allies] Mid HP Heal & Remove Curse
175;Purifying Storm;[Foes] Ultra Wind M.Attack w/temp Mag. Boost & M.Resist and Wind Resist-35%/1 turn;Sibilant Growth;[Foe] Slow Hi Wind M.Attack & [Allies] Remove Curse & Ailment Cure;Vivify;[Allies] 30% HP Regen & P.Resist and M.Resist+30%/3 turns;Torpor Wind;[Foes] Fast Lo Wind M.Attack w/Str. & Mag. & Agi.-30%/2 turns
176;Blinding Chant;[Allies] Ultra HP Heal & Light Attack Dmg.+65%/1 turn;Face Cutter;[Foe] Hi Light M.Attack w/Str. & Mag.-40%/4 turns;Focused Will;[Allies] Mid Heal & Counter Rate+30%/2 turns;Enlightenment;[Allies] Fast Increase S.A Gauge Charge gain by 33%/4 turns & [Foe] Lo Light M.Attack
177;Wish as One;[Allies] Avoids K.O x1 only when HP≧1% (removed when HP<1%) & 75% HP Regen/3 turns;Star Pulse;[Foes] Slow Super Light P.Attack w/Ultra Uncounter Rate & removes Str. and Mag. Buffs and HP Regen Skills;Spotlight;[Allies] Fast Increase S.A Gauge Charge gain by 33% & Counter Rate, Critical Rate and Penetration Rate+20%/4 turns;Glaring Force;[Foe] Hi Light P.Attack Dmg.+45% per each [Self] Increased Critical Rate
178;Invisible Slayer;[Foes] Hi P.Attack;Short Ripper;[Foe] Lo P.Attack w/30% Taunt;Massive Force;[Self] Str.+75%/4 turns;Wide Slash;[Foes] Mid P.Attack
179;Survival Strategies;[Foes] Ultra Wind P.Attack Dmg.+70% per each Slow on [Self] w/Hi Critical Rate;Heavy Strider;[Foes] Lo Wind P.Attack & [Self] Str. and Wind Attack Dmg.+40% w/Slow /4 turns;Crushmonger;[Foes] Mid Wind P.Attack Dmg.+50% per each Slow on [Self] w/Hi Unguard Rate;Weighted Smasher;[Foe] Hi Wind P.Attack Dmg.+60% per each Slow on [Self] w/Hi Unguard Rate
180;Splashing Barrage;[Foes] Ultra Water P.Attack w/temp Str. Boost & 35% Seal;Breezy Blade;[Foes] Mid Water P.Attack & Str., Mag., and Agi.-35%/5 turns;Sword Stream;[Foes] Hi Water P.Attack w/temp Str. Boost & 20% Seal;Water Spike;[Foe] Hi Water P.Attack w/temp Str. Boost & Ultra Critical Rate
181;Finest Hour!;[Foes] Ultra Light P.Attack w/temp Str. Boost and Ultra Unguard Rate & [Allies] Critical Rate and Penetration Rate+50%/1 turn;Spectacular;[Foes] Fast Mid Light P.Attack w/Ultra Uncounter Rate & Dmg. received (Attack Type: All and Single Targets)+20%/4 turns;Blade Rondo;[Foes] Super Light P.Attack w/Ultra Penetration Rate & [Self] Str. and Light Attack Dmg.+40%/4 turns;Edge of Celerity;[Foe] Hi Light P.Attack Dmg.+45% per each Target's skill effect that increases Dmg. received (Attack Type: Single Target)
182;Innocent Lil Rafaga;[Foes] Ultra Thunder P.Attack w/temp Str. Boost and [Allies] M.Resist+50%/4 turns;Miliy Piercer;[Foe] Hi Thunder P.Attack Dmg.+80% per each Target's Heal Reduction Skill;Sheet Volya;[Foe] Mid Thunder P.Attack and [Self] Str., Thunder Attack Dmg., & M.Resist+50%/4 turns;Miliy Mech;[Foe] Super Thunder P.Attack w/temp Str. Boost & Unguard and Heal-50%/4 turns
183;Rumble Growl;[Foes] Ultra Wind P.Attack w/temp Str. Boost and P.Resist & Wind Resist-40%/1 turn;Rufen Mut;[Foes] Fast Mid Wind P.Attack w/Ultra Uncounter Rate & Heal 20% of Dmg.;Grand Barrage;[Foes] Mid Wind P.Attack w/temp Str. Boost & Hi Penetration Rate and Agi. & Mag.-20%/4 turns;Erde Angriff;[Foe] Hi Wind P.Attack w/temp Str. Boost & Hi Critical Rate
184;Meteor Strike;[Foes] Hi Light M.Attack;Light Locus;[Foes] Mid Light M.Attack;Plaire Magic;[Self] Mag.+50%/4 turns;Twinkle Blade;[Foe] Removes Str
185;Scratch Frantically;[Foes] Ultra Earth P.Attack w/Ultra Penetration Rate w/temp Str. Boost;Charge Stake;[Foes] Fast Mid Earth P.Attack and Heal-35% & [Self] Str.+80%/3 turns;Rapid Scure;[Foes] Super Earth P.Attack and Counter Rate-30%/3 turns and [Self] Avoids K.O x1 only when HP≧20% (removed when HP<20%);Cat Inspire;[Foe] Hi Earth P.Attack w/temp Str. Boost & Ultra Penetration Rate
186;Nebula Confusion;[Foes] Ultra Earth P.Attack w/temp Str. Boost and Max HP 35% Dmg. Poison in Ultra Rate;Madella Slip;[Foes] Mid Earth P.Attack w/Ultra Unguard Rate and Poison Resist-75%/2 turns;Venom Bite;[Foes] Super Earth P.Attack w/Max HP 30% Dmg. Poison in 50% rate;Daisy Avatar;[Foes] Hi Earth P.Attack and Dmg+80% only when a target is inflicted with Poison and [Self] Null P.Attack x2
187;Cendrillon Grand Guignol;[Foes] Ultra Dark M.Attack w/temp Mag. Boost and [Allies] Mag.+50%/1 turn;Nocturn;[Foes] Fast Mid Dark M.Attack w/Ultra Unguard Rate and Dark Resist-30% & [Self] Dark Attack Dmg.+80%/3 turns;Dawn Evening Requiem;[Foes] Hi Dark M.Attack & Dmg.+50% when a target is inflicted with Seal w/15% Sleep;Elegy of Sword and Magic;[Foes] Super Dark M.Attack w/Ultra Critical Rate & 15% Seal
188;Ultra Homerun Ver.1 MKII;[Foes] Ultra Water P.Attack w/30% Stun and Water Resist-40%/1 turn;Power Slugger;[Foe] Hi Water P.Attack w/Ultra Critical Rate indexed to current HP;Buster Swing;[Foes] Hi Water P.Attack w/temp Str. Boost & 50% Taunt and [Self] P.Resist & M.Resist+50%/4 turns;Fine Play;[Foe] Hi Water P.Attack w/Heal 20% of Dmg. and [Self] Reflects M.Attack x1
189;Little Slayer Dance;[Foes] Hi P.Attack;Battle Will;[Self] Str.+50%/4 turns;Assault Drive;[Foe] Hi P.Attack w/temp Str. Boost;Inner Spirits;[Self] 30%MP Heal
190;Muthee Sagrama;[Foes] Hi P.Attack;Visana;[Foes] Hi P.Attack w/temp Str. Boost;Udayati;[Self] Str.+50%/4 turns;Dharana;[Self] 30%MP Heal
191;Patatrin Naga;[Foes] Ultra P.Attack w/30% Stun;Suzila;[Allies] Guard Rate+35% & P.Resist+35%/3 turns;Durbalata;[Foes] Mid P.Attack w/Str. & Critical Rate-35%/3 turns;Askanda;[Foes] Hi P.Attack w/temp Str. Boost
192;Ambra Ugrata;[Foe] Ultra Thunder P.Attack w/temp Str. Boost;Vidyut;[Foe] Mid Thunder P.Attack & Mag.-25%/4 turns;Ek Garjana;[Foe] Hi Thunder P.Attack & removes all Mag;Vajrapaat;[Foe] Lo Thunder P.Attack & [Self] Str.+65%/4 turns
193;Cascading Glint Arrow;[Foes] Ultra Light P.Attack w/temp Str. Boost & Ultra Penetration Rate and Dmg. received (Attack Type: All Targets and Single Target)+35%/4 turns;Pristine Presence;[Allies] Fast Str., Dex., & Light Attack Dmg.+35%/4 turns and [Self] +3 Actions (Lo Light P.Attack Foes);Lighting Fletcher;[Foes] Fast Hi Light P.Attack w/temp Str. Boost and removes Str. and Mag;Stoicism;[Foe] Super Light P.Attack w/temp Str. Boost & Ultra Unguard Rate
194;Heroic Tale: Prelude;[Foes] Ultra Fire P.Attack w/temp Str. Boost & Hi Unguard Rate;Hero Diary;[Foes] Lo Fire P.Attack & [Self] Str.+75%/4 turns;Heartless Monsters!;[Foes] Hi Fire P.Attack w/temp Str. Boost & Hi Critical Rate;Strike of A Hero?;[Foe] Hi Fire P.Attack w/temp Str. Boost
195;Dear Argonaut;[Foes] Ultra Fire P.Attack w/temp Great Str. Boost & Hi Critical Rate and Dmg. received (Attack Type: All Targets)+40%/3 turns;Hero Rising;[Foes] Mid Fire P.Attack and [Self] Str. & Fire Attack Dmg.+60%/4 turns and +3 Actions (Mid Fire P.Attack Foes);Awakening Spirits;[Foes] Fast Super Fire P.Attack w/Ultra Uncounter Rate and Dmg. received (Attack Type: All and Single Targets)+25%/2 turns and [Allies] 30% HP Regen/1 turn;Spiral Strike;[Foe] Super Fire P.Attack w/temp Str. Boost and Status Debuff+2 turns
196;Fleur de Sinclair;[Foes] Ultra Dark P.Attack w/Ultra Critical Rate and Dmg.+150% only when a target is inflicted with Poison;Slip In Fresh;[Foe] Super Dark P.Attack w/temp Great Str. Boost & Ultra Penetration Rate;Hemorrhage;[Foes] Super Dark P.Attack w/temp Str. Boost & Ultra Uncounter Rate and Poison Resist-70%/4 turns and removes HP Regen;Mutilate;[Foes] Fast Hi Dark P.Attack w/Ultra Uncounter Rate and Dmg. received (Attack Type: All Targets)+35% & [Self] Dmg. received (Attack Type: All Targets)-60%/4 turns and +3 Actions (Lo Dark P.Attack Foes w/Max HP 20% Dmg. Poison)
197;Fiery Protector;[Foes] Ultra Fire P.Attack w/temp Great Str. Boost & Hi Penetration Rate and P.Resist & Fire Resist-50%/3 turns;Jolts;[Foes] Fast Lo Fire P.Attack w/Ultra Uncounter Rate and Str., Mag., & Agi.-35%/3 turns and [Self] +3 Actions (Mid Fire P.Attack Foes);Pure Casting;[Foes] Super Fire P.Attack w/temp Str. Boost & Ultra Unguard Rate and P.Resist & Fire Resist-35%/2 turns;Vortex of Flames;[Foe] Hi Fire P.Attack w/temp Str. Boost and [Allies] Status Buff +2 turns
198;Wolven Incarnation;[Foe] Ultra Earth P.Attack w/temp Great Str. Boost & Ultra Critical Rate and P.Resist-60%/3 turns;Instinct;[Foe] Mid Earth P.Attack and [Self] Str. & Earth Attack Dmg.+60%/4 turns and +3 Actions (Mid Earth P.Attack a Foe);Wolven Lore;[Foe] Hi Earth P.Attack and Earth Resist & Guard Rate-40%/4 turns;Tribe Alpha;[Foe] Super Earth P.Attack w/Ultra Critical Rate and removes Str. & Mag. Buffs
199;Techtonik Breaker;[Foes] Ultra Earth P.Attack w/temp Great Str. Boost & Ultra Unguard Rate and Slow and [Allies] Counter Rate & Guard Rate+60%/3 turns;Earthshaker;[Allies] Fast Dmg. received (Attack Type: All and Single Targets)-35%/4 turns and [Self] Avoids K.O x1 only when HP≧10% (removed when HP<10%) and +3 Actions (Lo Earth P.Attack Foes and Status Buff-1 turn);Force Crush;[Foe] Super Earth P.Attack w/temp Great Str. Boost & Ultra Penetration Rate;Bandar Bash;[Foes] Super Earth P.Attack w/temp Str. Boost & Ultra Unguard Rateand Status Buff-1 turn
200;Gale Blast;[Foes] Ultra Wind M.Attack w/temp Great Mag. Boost & Hi Critical Rate and Wind Resist-60%/1 turn and 50% Stun;Air Bender;[Foes] Mid Wind M.Attack w/Ultra Uncounter Rate and [Self] Mag. & Wind Attack Dmg.+60%/4 turns and +3 Actions (Mid Wind M.Attack Foes);Focused Storm;[Foes] Fast Super Wind M.Attack w/Ultra Penetration Rate and Wind Resist-40%/4 turns and [Allies] Status Buff +2 turns;Vedanta Strike;[Foe] Hi Wind M.Attack Dmg.+60% per each Target's Wind Resist Reduction Skill & Ultra Uncounter Rate
201;Aro Zephyros;[Foes] Ultra Fire P.Attack w/temp Str. Boost & Ultra Unguard Rate;Zeal;[Foes] Lo Fire P.Attack & [Self] Str. and Fire Attack Dmg.+40%/5 turns;Sol Bland;[Foes] Fast Mid Fire P.Attack & removes Str. and Mag;Zealot;[Foe] Hi Fire P.Attack w/temp Str. Boost & Hi Critical Rate
202;Shrapnel Lights Tact;[Foes] Ultra Light P.Attack Dmg.+40% per each [Self] Agi. Buff Skill & Ultra Unguard Rate;Touche;[Foe] Hi Light P.Attack & [Allies] Dmg. received (Attack Type: All and Single Targets)-20%/2 turns;Fente;[Foes] Hi Light P.Attack & [Allies] Dmg. received (Attack Type: All and Single Targets)-20%/2 turns;Raumure;[Allies] Str. & End. & Agi.+30%/4 turns
203;Soul Light;[Allies] Ultra HP Heal & Null M.Attack x2;Ice Touch;[Foes] Hi Water M.Attack w/Ultra Uncounter Rate & Counter Rate-45%/3 turns;Cure Ephialtes;[Allies] Remove Curse and Ailment Cure & Heal and Counter Rate+30%/5 turns;Reverie Droplet;[Allies] Slow 40% HP Heal & [Foes] 40% Sleep
204;Romance Blaze;[Foe] Ultra Fire P.Attack w/temp. Str. Boost & Hi Critical Rate;Ignite Fist;[Foe] Lo Fire P.Attack & [Self] Str.+80%/5 turns;Surging Force;[Foe] Lo Fire P.Attack & removes Str. and Mag;Vigor;[Foe] Mid Fire P.Attack & [Self] Status Buff+1 turn
205;Critical Savaging;[Foes] Ultra Thunder P.Attack w/temp Str. Boost & Hi Critical Rate;Feral Bash;[Foes] Mid Thunder P.Attack & 25% Seal;Battle Trance;[Foes] Fast Hi Thunder P.Attack & [Allies] Str.+25%/3 turns;Wild Strike;[Foes] Fast Lo Thunder P.Attack & P.Resist-25%/3 turns